{
    "accuracy": 0.9482288828337875,
    "precision": 0.8666666666666667,
    "recall": 0.75,
    "auc": 0.9280626780626782
}
